,pred
0,1211307.3010053944
1,1482768.3359868734
2,678955.4552407924
3,829915.380422067
4,626997.947739224
5,794893.2026607975
6,1099758.261120645
7,883915.6082933717
8,1126334.871034387
9,548326.401925254
10,560979.873813057
11,950763.6973395203
12,591304.6579227999
13,1220516.273519018
14,466878.2205403746
15,372847.06245418114
16,1125811.9410503411
17,470309.5499857122
18,1015422.0705138773
19,658017.9553717742
20,893024.3033509841
21,1499437.440128
22,281956.1161525342
23,2002933.5811388157
24,1090369.4802650686
25,1541357.0024502175
26,655841.1478665082
27,822188.3846115058
28,2318078.9558231547
29,616674.0198891615
30,1129142.7592246481
31,499611.26790070155
32,1573589.8032397088
33,773280.6942722352
34,1214377.9949266778
35,422096.1573387248
36,507810.1533679393
37,467507.05763696507
38,723137.9015448781
39,550072.632710838
40,1226256.9082095476
41,1754983.9453730225
42,2559617.8111694218
43,602602.8029636173
44,1421706.7344937897
45,1115766.5428272672
46,2025701.9385834723
47,1497025.3868417328
48,1414809.8512585647
49,538521.0440623728
50,608471.6385921659
51,913588.5343474956
52,676162.6910757576
53,654152.2664815786
54,718153.0741056293
55,1416822.7197390427
56,953697.9924975284
57,1607723.9075179647
58,1286032.6319820802
59,2921321.863997161
60,638354.8355389666
61,589326.7168171941
62,481778.1309556917
63,600970.9158569005
64,819596.2977319756
65,761817.1403601558
66,1173762.6939726267
67,512504.76480196835
68,602263.052366344
69,538969.1156665728
70,1638493.4091305304
71,897686.655074937
72,395871.7542274903
73,848760.2820879831
74,677807.6638536856
75,478917.1605691987
76,655097.545407127
77,1673561.817809979
78,1722558.1052143672
79,1174014.814237924
80,1617872.3678026248
81,413706.2479863727
82,647331.5553999301
83,511658.1479417872
84,1091011.430005615
85,1226543.1625394516
86,1775155.6695930427
87,634123.7153681777
88,429617.0963798324
89,977526.2274853368
90,1072117.2431531542
91,757568.2489689479
92,958910.5763212241
93,623984.9500625934
94,1686846.0063984874
95,706929.9985597946
96,1382420.889538108
97,454823.24818894605
98,427947.5576326951
99,1888785.1150048112
100,1773040.8010398648
101,497245.0426895055
102,1909148.517888985
103,429363.7861831489
104,821681.6392009729
105,1752495.6850393426
106,924910.2095613135
107,268934.5562284553
108,749971.479315845
109,1611155.310578391
110,1434902.2692413523
111,1017854.2492455583
112,1742355.013560883
113,744762.8314634683
114,620090.0136635001
115,350980.50739161926
116,2130175.163897783
117,414888.37622696045
118,859192.3283668503
119,642409.017030319
120,486727.19362923317
121,1440009.2970934198
122,511521.4355563411
123,515429.4720207901
124,654901.2639636603
125,1783305.953603909
126,896242.2980846061
127,331251.4858189678
128,480591.9944175185
129,1110189.2206435732
130,1153671.9531454835
131,2061636.3862549085
132,1556388.431917299
133,645825.9995443254
134,1394508.0432289974
135,1945740.2034056361
136,2116583.9250918943
137,1024255.554453802
138,924246.2238109664
139,1214740.0948386681
140,1346021.9143207711
141,689434.2268833054
142,1033791.803758601
143,551368.2680273248
144,1572872.398970764
145,604314.4116101662
146,819658.8163118577
147,1698412.9629164913
148,266074.080472092
149,423888.47422157263
150,474770.90165682643
151,988096.6182115311
152,629013.2611425908
153,617632.2349738828
154,1123476.1606669577
155,2454730.532703819
156,872801.9420372752
157,1744107.905087553
158,510951.1723363661
159,419997.8861355963
160,933075.6787305834
161,1180784.9560023935
162,736612.3346932037
163,2272968.3682755525
164,939005.4509549878
165,789976.7853925517
166,1646731.8640494994
167,485168.91117474966
168,809794.6462221926
169,1444355.4269911423
170,2299403.752555925
171,604063.9179977397
172,754284.7369497643
173,2424443.689069941
174,956022.6920334775
175,285083.43888904224
176,1301979.9718552937
177,785568.4707207642
178,1192198.7827788792
179,1477170.21830626
180,620769.5943040758
181,880240.8836615761
182,1368149.1672168262
183,471763.5234597603
184,1171689.2622447785
185,1765270.4291724924
186,696918.6961492454
187,949610.0657766591
188,1195239.5576272942
189,1807386.8225278629
190,1217311.0688980664
191,855768.5598666928
192,1124153.3092539294
193,1117612.5685691906
194,2027079.470411431
195,1309806.424007299
196,586268.5193360132
197,893217.2881443496
198,1654051.6300095771
199,540540.5410388922
200,650734.2264158316
201,755955.0301473754
202,962879.480861233
203,645300.4751817259
204,1068233.7878693638
205,909053.9057041907
206,763996.0106391744
207,817686.5974678998
208,1034564.7684735325
209,569735.3918941843
210,1111429.879741801
211,1064196.7977123484
212,427795.4943365284
213,1974790.6861387226
214,1127323.6690463373
215,2194194.2882392383
216,1864913.1445419707
217,1513296.1848152622
218,406881.61603219697
219,691057.6641299872
220,587215.772828839
221,714429.1274592413
222,891734.6107111094
223,1733163.1604161488
224,1374848.3600758628
225,2204732.8466452584
226,1064955.3239614486
227,1235547.1223450094
228,496504.1671592436
229,935128.8466852506
230,423131.5293104267
231,639341.7757952098
232,1030720.1523318501
233,483278.9911852325
234,390500.0311086506
235,1640914.8340346918
236,903012.9129884628
237,687666.2375300212
238,1881355.7838695913
239,563777.1980173286
240,1397357.4745840759
241,343117.9537815884
242,1953087.1595325014
243,884148.7323454893
244,890820.1718010259
245,321002.1011797249
246,849088.8952318138
247,1661523.2726464546
248,715208.5079082008
249,454921.5973945698
250,971317.9581970158
251,538453.164225801
252,2021044.151276688
253,832696.4181754761
254,633534.889577763
255,1238168.2145606973
256,1452162.6477871672
257,949589.9331430997
258,708758.2844293215
259,283248.4070332452
260,539501.8474383157
261,927653.1306866056
262,872298.3180948918
263,951423.533704817
264,471129.6339914263
265,1304110.669458989
266,904281.660597364
267,687881.2652721767
268,637927.1552117307
269,785772.6373791976
270,835338.0795232087
271,438487.80332631496
272,724890.1434297943
273,406220.1165698773
274,491122.62499072496
275,822840.8845920287
276,1098442.785706513
277,675384.3008774687
278,1088702.663360585
279,1393260.5522839956
280,875611.9558552929
281,974508.2318826165
282,1304169.3151101596
283,679301.4705553664
284,612320.738297408
285,557991.0566231445
286,641837.2394550235
287,2453281.5773443654
288,1352329.1869082127
289,739730.701221404
290,573581.1031669725
291,1340497.2307832434
292,1984895.157724977
293,627330.3087015657
294,689592.9172341547
295,467862.8897081225
296,996404.5548151354
297,762249.2531156737
298,1371763.4217017153
299,1218944.7111685649
300,390465.74851208524
301,507423.9748348785
302,660985.0396914661
303,2064161.7790235402
304,1077471.093576115
305,2866162.657082422
306,1038132.0851175112
307,911978.3557928088
308,943266.6355880401
309,979631.8372802896
310,593601.9203789968
311,1120932.1760562218
312,1151832.3616597385
313,485109.9665332824
314,1401264.5402494986
315,722772.6765608143
316,983949.8327955779
317,1048327.9988980266
318,1057697.804578462
319,1145993.730935197
320,627065.9900438298
321,1770834.4693234565
322,816136.1892203633
323,742995.2660285535
324,1092783.7121395182
325,527440.6376372939
326,952867.7245088989
327,671418.4840396513
328,738812.2931450063
329,1519412.664056519
330,959162.4465044976
331,1281712.2030460967
332,307417.30982829985
333,2051580.6726584807
334,965087.8198688251
335,826104.8589434177
336,680595.86947577
337,1310975.9690026783
338,837281.7147508163
339,2230003.4941485855
340,1430362.1067643778
341,2749939.5772376065
342,286097.6766470617
343,1455396.7569470655
344,1007045.1626587983
345,554794.4245665075
346,453500.75987331686
347,471418.8225477
348,722057.6173510989
349,1275189.969642975
350,634968.2259832169
351,1637866.170766971
352,689301.0718084702
353,526987.7221644484
354,605705.0461385977
355,3642684.0601433087
356,1239340.8998137186
357,588616.7643355019
358,1568623.779912041
359,925530.8102668608
360,351929.27931368665
361,1392425.0730525027
362,412926.0435593556
363,1050679.9778401216
364,952115.8099128235
365,1268189.963531023
366,1114512.7355591904
367,388684.9376772173
368,1306815.0462266481
369,1155990.9224253776
370,962273.3744573836
371,754365.6938863486
372,1087997.1355869737
373,1164197.264990879
374,1032112.9657545809
375,654047.2647542804
376,1098044.4123450643
377,916727.6323774449
378,540675.5970311229
379,1616636.1297161425
380,1058778.3463719338
381,767963.8613690617
382,785065.2726302604
383,856065.459732887
384,703476.3019711646
385,2100634.475476595
386,879883.8990326737
387,453376.64451079915
388,538629.5426290872
389,510647.375250587
390,1834846.6520414196
391,1089426.0767032078
392,589741.6842948192
393,435790.0363294747
394,856984.7531043886
395,564771.7725947879
396,970842.1246953973
397,470523.73059866676
398,1008285.8363894313
399,1226764.2958145204
400,629611.7230243221
401,905342.9675585395
402,591190.6473180566
403,1174727.282885707
404,1318348.1631768506
405,1364231.807754348
406,1021116.0479435105
407,748360.7209078554
408,1445838.681448538
409,1251248.9920810913
410,875694.165951554
411,2423254.703426305
412,1114655.0034729422
413,599686.8809024338
414,961549.5340168338
415,547752.77630486
416,598761.3832563892
417,656734.9487687614
418,1032166.4467783978
419,1266759.238113731
420,690811.4660962833
421,803633.4716911402
422,2392526.169809253
423,1754051.1623286968
424,1086570.308615883
425,1554181.4466933694
426,1227953.5049440428
427,1101723.2345575634
428,1407912.9056019583
429,541163.2476792377
430,951151.9569120201
431,3270798.0645498885
432,956716.1431993807
433,496242.3981578162
434,552083.7373118796
435,511376.49028508674
436,395658.70200616703
437,998309.7561137212
438,915657.2713224932
439,954147.8157168597
440,1542136.3181936645
441,563100.6479815518
442,815890.1043704583
443,1678603.4616042792
444,357785.60329739464
445,671203.9131943532
446,1267175.9093084552
447,873324.6284096357
448,607282.848916645
449,978361.1512016078
450,899984.0651383767
451,1139836.5957820034
452,1246332.006550352
453,430439.8112397764
454,658715.0203871275
455,859199.994745264
456,510925.8464620084
457,1262683.920384138
458,631731.6008003481
459,335276.8052736547
460,688892.5043475865
461,821817.778089304
462,1125489.4073998365
463,1185646.0788951567
464,406360.26936180267
465,700560.8597421895
466,1008665.2525447585
467,1908142.8008479262
468,1985742.7670514046
469,1072837.0578322299
470,600266.2945365324
471,906048.5909759753
472,1493378.0573224046
473,911706.3356326332
474,803490.0170480794
475,381689.3698777311
476,1130663.559357071
477,757048.4980823257
478,772552.9843488259
479,1840050.616976189
480,498743.81352080347
481,1446360.0307360548
482,2033308.0550170804
483,1919984.2794176403
484,930931.2197835092
485,1031395.8671266725
486,554561.131448184
487,1061675.2708312997
488,725684.834421743
489,774748.507967808
490,1628835.9043570356
491,348796.3033639659
492,680889.1092885713
493,530314.0323608785
494,567769.5130647394
495,641483.3007668102
496,162811.51099944886
497,571213.6626842748
498,290117.9133032316
499,999706.5207743831
500,850176.1391188623
501,1183038.1631748602
502,788033.5019241782
503,1197164.6480693307
504,554759.346446081
505,872656.4786755558
506,695232.7294212844
507,941389.4971485871
508,905146.3715299992
509,898200.5955773769
510,1434144.3670052406
511,777759.9963779112
512,862826.7129531122
513,406925.6197386062
514,391248.38869056274
515,2338854.95629438
516,986202.5572324457
517,867496.63644173
518,886264.3158020456
519,451179.94325882994
520,1334386.978840939
521,760664.3086898681
522,2050560.5774141501
523,681280.5295198358
524,1778033.435972344
525,2396359.523421039
526,465948.7064397379
527,621917.8142949964
528,1538817.5592341654
529,1184373.601642905
530,723350.8712600708
531,598440.3793181624
532,1634882.5767459443
533,1342896.4384092172
534,736620.7582613437
535,838394.5454706199
536,400636.24511971406
537,691130.822812119
538,890163.2429703124
539,1093437.0990207333
540,669258.6384100725
541,1184956.6970746154
542,808026.8816483725
543,1226210.6446083481
544,896323.6923100674
545,483369.7425456573
546,1844172.6314179695
547,1382490.348673863
548,1213397.063829179
549,405226.2779350767
550,601964.6094649895
551,708902.0369703139
552,727491.4985877638
553,1351395.4512619157
554,1364024.302356845
555,475782.94303017086
556,1064340.7884602593
557,1299769.2622042075
558,518246.6688694342
559,1542929.6670589058
560,774449.0075593358
561,814265.9802246414
562,865334.6838418178
563,652045.2288821039
564,1363741.9726636407
565,790496.8329476572
566,603612.7265106421
567,1225972.7487537845
568,850768.0780526373
569,1868576.8700036432
570,1020055.9434806105
571,1249159.0975977392
572,1931410.3924024303
573,889730.3152767493
574,705494.4278774343
575,615137.3354811693
576,637535.6479797567
577,477049.64973622834
578,452106.5442012649
579,400736.7296958579
580,382758.6826903746
581,598412.7371881356
582,865827.0504793496
583,723559.4369343884
584,400094.1732023311
585,395188.5844056427
586,764424.3817666632
587,699258.561532296
588,543838.1254689986
589,1210092.7236323978
590,694675.7781918226
591,1407225.4145826988
592,1651165.2271984457
593,577604.0728854296
594,1021019.9015115004
595,1186586.0896137522
596,1608945.2865063446
597,1930388.9122671525
598,1685738.1224280854
599,1103182.520826599
600,2470206.958309002
601,1407838.376151429
602,334161.6387945941
603,845454.6069634383
604,1037065.2191202319
605,746495.9446343892
606,452072.6846806662
607,1334872.5032211104
608,1088913.7672810392
609,1550800.7548252149
610,486746.0424527228
611,621690.4042294531
612,1011214.3031652864
613,1213781.2432739453
614,442426.0558893123
615,968319.1778411451
616,707331.6781684268
617,1106264.6868474563
618,488718.41267674556
619,1323314.207602961
620,1807715.6714472962
621,826687.5323776123
622,3220636.817988424
623,1476106.862114045
624,847725.6685574733
625,2001468.2368167667
626,925878.023096382
627,1047622.3820210733
628,1697374.9501955581
629,972739.6313788554
630,1005451.8210398995
631,1139670.635270288
632,807773.8105121744
633,1884328.4235770588
634,670458.5413855214
635,716283.2223419978
636,1713741.0877126956
637,645771.5792393122
638,846863.434615968
639,1462881.6459244008
640,800659.3313599935
641,771380.4818773216
642,503208.7989210407
643,739572.4954836221
644,1509163.4628889489
645,1065902.9974129705
646,1018889.6588793284
647,2235691.5345286555
648,459952.1733703856
649,1240084.3182545586
650,1342874.9627209625
651,3441633.9802754023
652,1500415.6033279002
653,1193742.4357476481
654,1255496.2533980845
655,571983.7852916182
656,1232516.696167694
657,438592.989412904
658,2474929.0486181723
659,3308407.437071158
660,1084410.1442913776
661,619545.4525255929
662,1234865.222115467
663,1988712.7759648007
664,511444.8034093753
665,431475.7878218948
666,1827203.6936738167
667,697021.7933428187
668,1265245.4819982213
669,857456.8309920882
670,1900246.88905732
671,795579.3222457423
672,875974.0805629531
673,1459301.4461699012
674,2568021.145320958
675,1674094.9455572544
676,229807.4024011683
677,1407415.725038079
678,273568.5349535686
679,878890.4920973523
680,798824.2626906505
681,1433022.9855762855
682,1687092.5987072375
683,833907.6976209214
684,960489.4437143864
685,632540.5403267922
686,448691.0576661745
687,927325.5282054624
688,1258871.39565721
689,511372.3703120847
690,1631025.4298393563
691,1123111.4873791137
692,757930.2072364073
693,1262632.1892227759
694,957302.9727177451
695,445832.3974568949
696,225318.89840664758
697,384709.471210289
698,520887.0823924971
699,445086.8132697981
700,961503.9021098089
701,586438.514726405
702,2201760.121727668
703,1068676.400554111
704,2381161.2592454716
705,1834704.4911676603
706,991969.4561923322
707,1431089.3739067016
708,1163858.5762639171
709,1752536.8301778582
710,692111.9870236134
711,511008.5488085281
712,1271765.3656213798
713,999666.432488809
714,402688.73988153745
715,1082281.355412025
716,687688.1888299631
717,498601.81052854564
718,1711715.0477592945
719,2195217.131624823
720,2627514.032521002
721,953368.2644288455
722,1040784.805737877
723,791659.625138731
724,625038.3065371964
725,1676236.2055465165
726,516949.60325686703
727,1527724.5475438444
728,514188.7525890146
729,909991.8706729094
730,877057.7609754938
731,823134.7791094469
732,1951117.0777584403
733,1165887.6459710875
734,1838002.5934413436
735,430420.80108861637
736,664324.4258613152
737,3519028.134637043
738,749330.3797550458
739,1046599.5105370111
740,234996.63396914117
741,2129344.541927933
742,1556734.4340504745
743,1620037.3151238759
744,1590367.6898956052
745,842129.1380282642
746,1150856.667505269
747,507728.7752111185
748,655431.2740844685
749,392081.45452759543
750,1210229.166472752
751,789796.1547107281
752,607364.5811100345
753,1940501.7170698075
754,746052.5090849742
755,1095301.3065261843
756,211434.0989492705
757,1374421.4250937216
758,1363669.3054916244
759,1659769.7290540296
760,1025675.3258537018
761,1065160.2590102998
762,1330888.6440949165
763,925734.009129324
764,692949.0212701964
765,677616.4926488864
766,1887274.8486704095
767,648956.3759467837
768,1885493.6982649062
769,765419.5395248428
770,1423713.4502300252
771,636125.2479054646
772,2198762.1211127755
773,1368816.6074675717
774,1032526.0131843052
775,596966.8158121689
776,2618841.8091702117
777,621991.3517648946
778,461800.13368862536
779,1261007.1569184859
780,1303544.694982366
781,774453.7299675937
782,1032312.9166259362
783,608691.4635732551
784,1138545.568308118
785,1239557.3663523921
786,535752.3757518745
787,1381415.7729081817
788,580076.3883374025
789,1055918.1684670215
790,647082.7544882752
791,1892500.8094208853
792,395916.7520352296
793,1062406.3356498836
794,1699163.1675516285
795,1930003.5629577693
796,447002.8831031108
797,2894128.705098093
798,494139.09094017604
799,709712.3523062873
800,807709.1393641653
801,2104085.1680568648
802,883347.7984790351
803,995708.922037159
804,1717640.2270947255
805,1343571.2577332691
806,1071754.8810061922
807,693417.3477371264
808,965463.0715537015
809,1274565.0662011674
810,729531.8772501139
811,944012.9642740666
812,544568.0150733194
813,398590.66981224983
814,1408988.0656681552
815,1120261.2396624805
816,858671.1909788373
817,1407806.0475473204
818,2981992.566058015
819,1384472.3101871307
820,1855101.805145875
821,1248127.6871176413
822,1036925.4663621744
823,1887313.6289104626
824,773215.2022915216
825,982907.9171436531
826,1304978.1686511633
827,501743.85833151615
828,607863.4537396199
829,205897.83080856132
830,1816504.2108079433
831,507899.6783870819
832,821196.1912215172
833,1709312.9820778577
834,981179.7769482483
835,673806.3815871015
836,982120.6268093243
837,788174.2375297035
838,894211.8792531888
839,832831.076549335
840,336549.73908017745
841,737933.7115379123
842,972603.5985330582
843,882181.5600043706
844,488497.3993800914
845,1222173.8621442316
846,685881.2600804819
847,382806.42175081186
848,2770891.8194892555
849,1044978.8552075805
850,682973.1197734347
851,2123562.73164048
852,415710.7791470707
853,759265.6006788281
854,647431.6646395132
855,855655.0355474774
856,1108595.0656207746
857,650766.4434102066
858,661001.1195829603
859,530043.9889684372
860,2520835.5103415456
861,573828.4231355883
862,464858.36963340844
863,706547.2712854985
864,1578137.2301849737
865,528780.2023603645
866,912793.436376496
867,549733.3052397649
868,397442.1069862888
869,494045.2831424726
870,496148.4523935847
871,1081782.3679196385
872,1167593.4632335792
873,1925855.3268819437
874,1574559.772017609
875,1751890.1395051067
876,1023201.337000936
877,1035151.289276455
878,336261.3109173866
879,2056140.6563534092
880,619832.8486682166
881,1171910.83644758
882,957303.8319107257
883,1190081.6581800787
884,595319.511127963
885,3671016.471098675
886,383281.3726044526
887,1397525.347181866
888,2077451.288541116
889,1195249.0905489665
890,613056.8087535963
891,503209.3437497805
892,728166.504951999
893,635156.0867397722
894,714697.4273626474
895,1759715.0181724692
896,2650153.9966680026
897,465697.2875874681
898,250569.25624732018
899,449914.9919195473
900,706620.641518309
901,3045862.255260169
902,560073.9324497201
903,1035585.0437409844
904,2399459.388547816
905,609423.5610459745
906,1046671.6995686842
907,1030409.0482357764
908,1446143.3679181498
909,1014346.089567512
910,1933352.736657355
911,1787491.9063224096
912,479509.7336546836
913,1682901.841000894
914,1026055.2622793919
915,1547855.347427891
916,2309628.556368385
917,1039860.3130481768
918,874075.6991590228
919,413213.4780741508
920,1700974.198748984
921,3046245.927495911
922,798886.263396654
923,658726.0193691382
924,605343.6733136479
925,637344.5174644956
926,957656.9561494405
927,455946.10854262114
928,639908.1817110607
929,944190.1697716472
930,1111300.8546044948
931,575618.625399907
932,1280555.3306559848
933,1020501.2186430324
934,1137938.8741744224
935,726737.9582542966
936,1087377.6986546498
937,930573.4024498519
938,657662.7974882026
939,1424563.3085249127
940,1189869.0482872205
941,638012.2772887684
942,666874.4634746228
943,1319978.6172325178
944,647888.0012469284
945,1432466.2109855528
946,427772.90232303547
947,1657267.2022828155
948,1771283.7151663247
949,2308604.1357130143
950,519215.5293971084
951,2335245.0738219656
952,764376.8438991394
953,666229.5009477966
954,471744.2212496723
955,984698.3910946642
956,1358137.4146522463
957,888529.9744629522
958,492691.49078211177
959,1041385.0575246603
960,609778.074546629
961,1882041.833199453
962,1165020.4958200844
963,1023302.3506920426
964,484529.3601111889
965,2063094.1901901911
966,354917.7629796428
967,2271940.2248329753
968,1203117.8731323793
969,614832.4899319906
970,842578.609560961
971,811188.1927980056
972,545001.5555765837
973,662626.7841841459
974,1199612.5835230704
975,2087076.1125653426
976,547100.9928780074
977,416932.0625626093
978,2268963.9702689857
979,321478.3859579322
980,1131644.9940433912
981,736044.5958977215
982,814973.763917808
983,1339528.5281243687
984,1158732.2780647227
985,981807.0926646102
986,836860.3554822501
987,559102.2730410361
988,1472843.5915440205
989,1764299.088833151
990,4021200.8887422504
991,1196325.9785992445
992,1436833.8777620029
993,1216964.1407205272
994,1100930.52233846
995,965631.2205826548
996,512727.41900534445
997,331892.81340349023
998,618799.0543633833
999,789586.0839159117
1000,1756494.0457166838
1001,1002486.0323230221
1002,1554938.2675640916
1003,1317864.0657498457
1004,1308089.1321073873
1005,1447462.0206103784
1006,369924.37677633716
1007,1583077.856285941
1008,404182.8674635597
1009,907054.7886205048
1010,1461885.7525374196
1011,1412899.9201805873
1012,1105564.857662318
1013,404016.79834191984
1014,977421.6106284349
1015,780418.0492890335
1016,1129793.4959614826
1017,716735.5137153659
1018,694901.3344796258
1019,1373181.7906157088
1020,1849417.9961928655
1021,925379.8673553865
1022,1812011.4066566436
1023,788715.9555324351
1024,644004.140639142
1025,742447.0692146928
1026,554923.3984793782
1027,986542.389909891
1028,636677.195625658
1029,1487858.8216557947
1030,1393283.3866521562
1031,1192338.263078408
1032,2426250.366744252
1033,900912.8273632182
1034,757322.8786464587
1035,892344.6288727626
1036,563292.1438625706
1037,620870.5591239941
1038,628969.4654466108
1039,944821.3602277165
1040,1890564.989946855
1041,1473619.6791234547
1042,632172.68132635
1043,511855.5516755976
1044,596228.6675391459
1045,839247.9336730461
1046,1629903.5336580377
1047,1532170.8760445928
1048,1863580.1358900047
1049,2540997.8310693637
1050,1128717.771166527
1051,504688.315844527
1052,862996.6174345567
1053,379121.6300373484
1054,726003.8250475914
1055,541477.9811852281
1056,822774.5716523249
1057,731708.4052747646
1058,1017428.7650219653
1059,787828.2014471608
1060,544577.8613075139
1061,930379.5570269445
1062,774348.5495545366
1063,707279.2378038989
1064,747941.7568231062
1065,940114.7657737349
1066,2060744.99058563
1067,788921.1248758049
1068,647613.7985620449
1069,687105.537496302
1070,1556306.283602253
1071,580340.9644185305
1072,1142862.043510516
1073,336963.61434332986
1074,458917.98390733945
1075,571572.0724035564
1076,602953.509377312
1077,1604266.609427186
1078,1186717.2441609618
1079,1085249.9986817432
1080,1782784.0616008749
1081,2407918.9828031706
1082,1086855.1247549562
1083,2137473.285273431
1084,2274096.4244984784
1085,938302.0897054849
1086,1081237.509058546
1087,1431332.6048556205
1088,879961.8002539759
1089,1243052.82108508
1090,1290050.4423055076
1091,1492198.4389748862
1092,627497.4558144974
1093,768414.8519318254
1094,1198447.0061203474
1095,273724.09104714205
1096,369380.2676712717
1097,999887.1056401867
1098,360935.8288443405
1099,819092.3727336312
1100,1212501.6190172946
1101,875303.4816451212
1102,888109.4476304473
1103,1141691.082540888
1104,568171.621642074
1105,1214869.133123717
1106,1212459.9578440574
1107,499288.1386996359
1108,753527.082153711
1109,1658992.9128433694
1110,2074401.981243962
1111,797396.1901709232
1112,1033381.9606944902
1113,1286034.4592236322
1114,600196.6889691092
1115,1321475.8782697723
1116,803875.2426698151
1117,1219276.1725335615
1118,514544.4192911491
1119,662898.9548628952
1120,2841014.2474299753
1121,1778118.2721833654
1122,1617606.2031903272
1123,760332.4258071636
1124,373791.0405043642
1125,1420463.3702084983
1126,734311.1250916679
1127,578982.6528390171
1128,2412670.5196068184
1129,1054341.7658604179
1130,875587.079760419
1131,847914.7358492602
1132,485326.9886230246
1133,412840.8089819875
1134,1174343.468818834
1135,921869.9243549142
1136,2182991.6224472695
1137,844551.6402829436
1138,1103163.6307220527
1139,1474446.5722975268
1140,209219.5519968949
1141,882753.3479021466
1142,768003.4660316808
1143,1526038.7078856495
1144,2116901.826672535
1145,1224240.85914016
1146,474369.3626708663
1147,736072.7523991916
1148,1441046.4297365516
1149,489523.2709266397
1150,945960.0624980546
1151,1408717.2923530943
1152,1393657.5711794002
1153,486367.1088341503
1154,627221.3046928188
1155,772263.6992998777
1156,488027.3852382287
1157,930354.1335349814
1158,1124937.0649967163
1159,1042890.2645361153
1160,2191249.515123778
1161,542706.7229906404
1162,782863.6261328738
1163,1609392.9266426144
1164,820535.1812750765
1165,791225.576720244
1166,570232.5511307511
1167,543616.9165986298
1168,683734.0593604462
1169,1364119.44876904
1170,894859.289109842
1171,732495.7578834976
1172,923312.4458846425
1173,884905.0686731319
1174,2142562.220471576
1175,586137.2745436162
1176,851323.4384045536
1177,1334706.4814057916
1178,653629.7945923497
1179,692739.0131000708
1180,578270.0437981628
1181,1024601.4977523338
1182,353381.89461861714
1183,517006.8569766076
1184,649239.5351912384
1185,790160.6915485098
1186,1423999.1939080432
1187,900864.9196540272
1188,384665.21715048346
1189,1625279.8749460557
1190,1874886.6896876032
1191,875046.0213845975
1192,2041652.0897922863
1193,1627133.8039723327
1194,1261688.8534957052
1195,792875.6002112724
1196,1539402.3892058905
1197,253293.31697262745
1198,2045591.2598857477
1199,953009.8002015303
1200,440312.20268054673
1201,588583.531847321
1202,713131.6412108773
1203,892853.9122802574
1204,572602.0735578333
1205,788646.6587816918
1206,1375538.6713046853
1207,1979504.7811851278
1208,889660.3678416763
1209,361291.00814050814
1210,1266729.2377423372
1211,535173.7475025652
1212,1612050.8369674378
1213,476601.8957838573
1214,709397.1374371732
1215,1997074.796370834
1216,802071.870245386
1217,917312.8661520042
1218,695648.6938252976
1219,1352263.3262708113
1220,933640.6316560867
1221,844679.9833056588
1222,1169949.2004853403
1223,477846.73381851986
1224,1402189.4255175479
1225,499580.91645002976
1226,1680593.938192274
1227,1261733.0275395452
1228,1857979.276400002
1229,651117.3053267787
1230,445622.7438411962
1231,1219363.247398368
1232,680828.9289499613
1233,875031.3709838645
1234,894286.9062062702
1235,456847.327833511
1236,1819788.1963505992
1237,673850.265082885
1238,445607.0726448986
1239,1268566.1251805932
1240,2450937.7280429034
1241,889184.7594440788
1242,803777.3915149155
1243,753693.6109257418
1244,645226.3168509568
1245,999191.5178871165
1246,814486.0352392242
1247,980298.3611913527
1248,1156086.3906206824
1249,1496302.8187042074
1250,1281571.9235752185
1251,497668.82516048045
1252,941890.9464926181
1253,1399062.1076316854
1254,1569065.858258714
1255,1164731.7743763342
1256,2996357.419997469
1257,1106117.8521813655
1258,1156280.0786205628
1259,1006312.9713741416
1260,306323.42308813974
1261,692956.6328489798
1262,468152.97882512846
1263,1071162.0621427272
1264,1094917.3304096076
1265,865203.343943387
1266,404835.10142937023
1267,1080647.9069621954
1268,691981.1588499884
1269,860583.8293719653
1270,482759.69479725766
1271,1222848.7470371416
1272,1656098.318440032
1273,823437.0561497799
1274,772815.9069143955
1275,1245319.798701135
1276,1943173.1875680475
1277,925503.6603359097
1278,1391720.8893080442
1279,689460.9218777323
1280,1453072.367845041
1281,531621.5023701021
1282,1310400.4731028578
1283,548908.1983279807
1284,1305299.1562853628
1285,1993219.779825567
1286,1615276.8893191265
1287,828443.7600263559
1288,437876.61380204017
1289,722075.5305773616
1290,252783.70395010815
1291,495801.5072571521
1292,948895.1685550403
1293,526009.0526522433
1294,2362831.336916358
1295,460087.7534677877
1296,1365818.1169379319
1297,585366.7748246043
1298,808199.4938220922
1299,1036307.9197428749
1300,1897780.2270138569
1301,526141.4105571477
1302,546252.576838542
1303,1267652.3194815647
1304,483707.87834662036
1305,579772.8067039307
1306,765140.4497916693
1307,418500.8718286207
1308,1026063.74478042
1309,355527.2295574256
1310,1812037.6045587657
1311,772472.941676748
1312,2859504.7653525225
1313,907746.7239617354
1314,1008027.3026277479
1315,995649.7659698483
1316,564940.0697871541
1317,921979.9241275842
1318,1073627.4060917043
1319,1047131.3857638563
1320,1275058.1264989453
1321,719396.5470306906
1322,641419.5914367753
1323,953110.4339542654
1324,2297229.9290564964
1325,1318049.5548675356
1326,614745.2002797928
1327,1641722.541991418
1328,1078001.9890788791
1329,869521.095464536
1330,710622.2260389691
1331,533530.4778409639
1332,722846.6730583917
1333,2159460.627406587
1334,1429435.1780174677
1335,695556.5243153092
1336,842071.6775324144
1337,835187.1394064192
1338,1672463.434280441
1339,838592.4329569386
1340,1155443.5478905672
1341,390972.7164668199
1342,661145.453344271
1343,1343396.3761656925
1344,830635.7504469242
1345,1406754.5002199737
1346,916004.629869291
1347,2356329.9884659275
1348,971035.2199424114
1349,539791.5067804039
1350,971972.3082708146
1351,410072.5413908213
1352,885675.5224911328
1353,1243153.6988269503
1354,741607.5895620456
1355,1052724.175562016
1356,889374.1397346837
1357,944547.4677271917
1358,599979.1898411011
1359,1030594.482407635
1360,866377.6119965584
1361,820788.576905423
1362,835258.9344113161
1363,3359602.2176524173
1364,2574562.381422887
1365,3009477.7734155897
1366,1200467.7461184189
1367,1040640.6880764039
1368,214251.04903267047
1369,949556.9233486335
1370,475350.9551819811
1371,529274.6256299372
1372,543184.3839497357
1373,536612.9064761581
1374,686154.6120551599
1375,1856772.5342253426
1376,1274265.0246808063
1377,385922.1728648967
1378,1160686.2602381848
1379,635251.9810922259
1380,743842.2854262679
1381,677925.0384744288
1382,921541.4877649257
1383,447663.28936447256
1384,1686115.6833292933
1385,372844.60981026356
1386,583405.6182113788
1387,463367.06433466036
1388,1139194.0271881106
1389,2824217.522987258
1390,2616436.8812886155
1391,1091176.1514436745
1392,1258761.684017219
1393,491945.78211075964
1394,840075.5034542424
1395,656231.4656938614
1396,1635934.4412743782
1397,710412.4172348415
1398,939833.5366605831
1399,1333326.1550022522
1400,704749.0126672994
1401,4558439.456312616
1402,1163681.3189724167
1403,2019839.9591877016
1404,292237.71859104506
1405,416375.927155482
1406,386448.8829573589
1407,785926.9623005668
1408,335211.32251928805
1409,558516.7485461963
1410,2016407.3521422688
1411,725689.75569886
1412,1244979.6198611772
1413,811466.076647944
1414,924286.1512595402
1415,2143856.1942092627
1416,1552506.475853236
1417,1191387.506337345
1418,538376.8013958334
1419,935330.7546985608
1420,739149.6919029738
1421,576979.504177764
1422,1085022.3317028906
1423,1397532.9382856619
1424,732615.4039439129
1425,899019.0327155899
1426,795242.1525791824
1427,1316669.1035728697
1428,1395437.8259449604
1429,2341273.2339386903
1430,1515535.0770904897
1431,566692.2680489469
1432,2547180.6411226317
1433,623038.8454461226
1434,2239794.997793531
1435,1481705.6531597204
1436,1199987.8296124774
1437,1006435.3168337959
1438,365344.6925591321
1439,1342192.3430395273
1440,480064.51378664805
1441,1731357.5247947227
1442,472493.2259207169
1443,864687.3606394785
1444,1273078.647109206
1445,1039278.6948466295
1446,1181021.8255885236
1447,883825.803582351
1448,958340.909150642
1449,757270.5042015745
1450,879557.6520097678
1451,541207.9706989414
1452,703977.8221189048
1453,646542.5002283907
1454,749952.8318614853
1455,782409.6277371513
1456,1349924.2539237808
1457,1131687.3464409257
1458,2013818.9202634904
1459,532488.6950832598
1460,642740.0878470544
1461,1024978.2441103716
1462,836644.6340281541
1463,909540.2270051371
1464,723376.735189613
1465,534774.5526520772
1466,983890.4502973433
1467,2603929.960313529
1468,821954.6492923972
1469,784936.2285894641
1470,3625517.1070439685
1471,564771.3131306085
1472,959602.5920823022
1473,720427.1923886992
1474,754490.1655937306
1475,478870.8659697195
1476,1578956.6599094654
1477,472427.42487663106
1478,448003.07853925764
1479,1898217.0531738284
1480,795857.8512975768
1481,508094.107945318
1482,916282.7738316028
1483,1071506.380423894
1484,1256738.5140339532
1485,723683.1469221293
1486,903682.7114828994
1487,654485.2700024452
1488,433900.9111792127
1489,1180416.226145492
1490,1181674.1321759876
1491,482423.8613368791
1492,702109.1816688525
1493,641970.4647813797
1494,685859.0246688934
1495,1050981.7958602046
1496,1097526.2670063227
1497,1698398.7260064983
1498,497850.59094121185
1499,1037825.2992080249
1500,909912.5387135865
1501,1106064.859277129
1502,855943.8610015406
1503,1595252.9726429074
1504,622305.1794550125
1505,330691.9873753872
1506,1129322.2244632354
1507,1839037.5183453965
1508,1963775.7257858848
1509,1699870.9067029408
1510,463009.7265512001
1511,2640318.9743513055
1512,2970249.576807404
1513,702451.0785685905
1514,796843.2643416879
1515,798258.8071365306
1516,571753.8190567774
1517,1083111.1440841188
1518,450644.0361599805
1519,359507.4700831523
1520,4067191.617323752
1521,623872.5771254249
1522,1345770.4178934835
1523,2986734.0761020985
1524,798625.0404186631
1525,828176.9259704716
1526,1015571.4137805684
1527,564969.9386244053
1528,594688.1813874253
1529,2015341.630525068
1530,438159.6261490031
1531,488875.53583093017
1532,1183271.714685721
1533,308689.3760377021
1534,513103.48584782804
1535,460917.9966461573
1536,542183.5480619037
1537,536617.4156716869
1538,1452030.510659997
1539,1531441.2092056938
1540,1235115.1148392586
1541,561750.0053034266
1542,758857.3217409557
1543,651597.7115194711
1544,1333885.6836557337
1545,1911270.342045058
1546,909303.6356734209
1547,982759.9947543791
1548,1497519.6730042272
1549,687051.793134642
1550,628707.9280615625
1551,1878250.9688213384
1552,500569.10235132766
1553,1020430.0528919514
1554,739387.5627603937
1555,436184.6275836645
1556,341111.21739618643
1557,553998.3012583613
1558,1248382.7294977538
1559,605123.7863013981
1560,1218636.3153595927
1561,748030.0300814529
1562,250217.34593093867
1563,1173675.8963136636
1564,1487363.7318362289
1565,1350965.277202832
1566,1150081.7953818662
1567,540581.0531697281
1568,989857.2355028844
1569,1252019.4084683708
1570,1655350.025169652
1571,405438.7987893105
1572,679026.4523468514
1573,1097864.1910224855
1574,617029.5587892887
1575,335644.5931379248
1576,699909.1523939018
1577,864141.8004827971
1578,2071403.1782702862
1579,1390676.2365431776
1580,1308027.1346005725
1581,591373.3428604018
1582,1743737.405330005
1583,968543.3808367946
1584,1884154.099326462
1585,414837.799700132
1586,918939.3782451954
1587,430012.46502240415
1588,362414.0659183852
1589,1307204.3872488188
1590,1397402.0989473506
1591,783893.1224149942
1592,583981.708354976
1593,848373.0104988079
1594,601994.8399206607
1595,384752.56508997874
1596,1096513.5878528322
1597,676396.5110374775
1598,1256231.9030502497
1599,671003.7131680895
1600,1352552.9283370038
1601,1366547.6968532489
1602,847115.3965232057
1603,615005.8451801908
1604,1054868.1797188267
1605,742762.5443575865
1606,649682.5143094321
1607,1161330.4152100466
1608,536669.5027144727
1609,514346.8402175011
1610,1873704.6103828067
1611,1655665.790296597
1612,1405630.1133758726
1613,627904.2312967527
1614,1784361.6618776065
1615,968958.1208257339
1616,589073.5256947916
1617,695924.8237188584
1618,1114509.0323378688
1619,1140307.167360898
1620,696206.9295899621
1621,526466.5624765225
1622,2061857.8595828437
1623,1449867.390830887
1624,1079894.3465630293
1625,611639.6976482267
1626,1252094.1828161308
1627,918868.4607068545
1628,1024321.3735354461
1629,836725.5371785975
1630,1624751.5221240157
1631,1603339.8277724555
1632,805676.1124717619
1633,867120.6897327818
1634,434278.79610967654
1635,906166.8627913727
1636,553733.5783898148
1637,905911.0666067054
1638,1098683.6247067288
1639,672709.4253779865
1640,1029108.5364872892
1641,1163330.844193121
1642,508292.516223129
1643,564652.4710778093
1644,1160944.0447337204
1645,480435.3866363189
1646,667919.9599507408
1647,1164649.9854115078
1648,673860.371421057
1649,670525.433543615
1650,881614.3759526269
1651,664311.8266747508
1652,1807222.3764758913
1653,776576.3991516223
1654,768379.6144263747
1655,1051329.924908915
1656,1343447.0274408236
1657,1245883.180721265
1658,774058.2095930234
1659,1816673.6287752416
1660,501946.3914681465
1661,822719.3090277651
1662,802559.7325621474
1663,320292.4101741032
1664,1735624.9856946862
1665,1677961.0269381134
1666,655640.2294940888
1667,383584.45629200764
1668,1755404.4518130154
1669,1839804.711602857
1670,379051.8207244953
1671,1298776.8913961158
1672,1163439.301672772
1673,697321.3522553567
1674,3049702.891224557
1675,393883.2127241043
1676,553032.7178700973
1677,350219.4650849377
1678,1003960.7674541933
1679,1421750.9693775037
1680,437941.17698590993
1681,615101.6166226618
1682,1068477.0812935198
1683,553407.7793258715
1684,304027.7854339401
1685,552173.2565791225
1686,1508342.0794890986
1687,634921.5338952859
1688,1210518.3711862827
1689,705424.6989521865
1690,694541.526854892
1691,1487326.830849266
1692,1801750.863188942
1693,1197478.6474077196
1694,1249007.4045208232
1695,753934.5817112931
1696,1628065.119767248
1697,848768.5120813259
1698,1303267.1491991715
1699,1446042.955685895
1700,900019.2514774934
1701,2507544.4940301846
1702,537682.806193095
1703,791831.4677334193
1704,1033610.1442742643
1705,1489750.116878556
1706,723580.5437019088
1707,673559.0970672987
1708,1328177.8555275786
1709,984151.2734478639
1710,1222282.298979354
1711,701299.9945931404
1712,1828730.8497198476
1713,920630.1853611118
1714,441061.66965174774
1715,1219758.4743644996
1716,694358.6733170958
1717,1157897.2557018963
1718,811331.0660130763
1719,614698.5487851943
1720,2852514.6548991785
1721,1049151.4666556239
1722,5425602.202738938
1723,827171.4185084138
1724,743479.9990385949
1725,1420703.0925381419
1726,930094.8099724833
1727,1179900.5917861287
1728,455632.4153811079
1729,888951.6646794914
1730,646433.7159185625
1731,937259.7937766593
1732,1053876.104989653
1733,684429.28059897
1734,2234775.291723023
1735,617095.3158661077
1736,564592.6661793424
1737,625390.1294473159
1738,564265.9204182265
1739,686368.7443376569
1740,1011361.7523469307
1741,1635545.9949896873
1742,911195.3523079553
1743,940532.1750831819
1744,386103.689750312
1745,1714837.961492586
1746,729788.1151404282
1747,512650.1397632791
1748,570776.5658103487
1749,339828.18324760435
1750,1386688.4442109298
1751,1122952.7075555979
1752,1290297.5579555498
1753,720291.6989171444
1754,806124.850832988
1755,952653.8875458023
1756,545499.8071655763
1757,526251.2611174539
1758,868822.0638380268
1759,2517918.3301552953
1760,432522.0259223739
1761,1614896.8557465137
1762,355068.7067989446
1763,965301.8422413432
1764,789181.6289371833
1765,1299304.2797549095
1766,756100.2410475019
1767,687169.771760049
1768,883632.9717386565
1769,1511296.2995967104
1770,376571.7232072745
1771,1308544.5310902097
1772,999781.9301600241
1773,1596019.9574847545
1774,1254775.6379273569
1775,703420.4788567276
1776,1529190.7132627042
1777,1265619.3713225566
1778,3093379.2661419474
1779,580132.9597906383
1780,1031249.8396095934
1781,670316.8121628561
1782,497880.28261728655
1783,1005058.0532558569
1784,578627.0918833186
1785,1523862.472271148
1786,1159860.9540365485
1787,780803.875529886
1788,524708.0176970235
1789,1588835.5631606972
1790,2555087.34409235
1791,1491087.0923287026
1792,483121.85320283275
1793,783104.0190724394
1794,934542.7031433593
1795,720583.6945779257
1796,1177005.9397782544
1797,317812.9305353289
1798,1224218.5853851323
1799,852425.799223307
1800,1415847.348741628
1801,796615.5782281393
1802,710694.1755426446
1803,1129664.9605572904
1804,946717.9275396445
1805,494465.5739042508
1806,376889.595567417
1807,1274679.5508238724
1808,2742370.270657213
1809,630358.6676911451
1810,2254800.0587177547
1811,1021232.3934964078
1812,748168.441478543
1813,877965.6904845375
1814,1107407.6490416625
1815,1286455.9976445965
1816,1497686.0224373387
1817,782264.2133057629
1818,1028269.9798310684
1819,313680.12753080955
1820,671981.7582986635
1821,1099109.3809572964
1822,1115935.9157318566
1823,332216.61267031723
1824,744550.6921963787
1825,2175463.335113608
1826,784830.3263498341
1827,612437.3094074295
1828,2255472.259554463
1829,932703.3418512937
1830,1365643.792140927
1831,1027213.01471404
1832,793572.3863164084
1833,2172309.155389438
1834,774785.6541604198
1835,1468121.1727237431
1836,408409.77747986827
1837,1233701.6648079618
1838,554330.5169788
1839,2232939.6227274667
1840,601638.8498559368
1841,1236298.7033455258
1842,1351152.3886519931
1843,590953.254054273
1844,1144457.0089013476
1845,1601901.4373181718
1846,1002043.0136627952
1847,990459.8622507849
1848,539263.1536818048
1849,1336139.8816842719
1850,1027548.2537619196
1851,470721.27544845454
1852,327591.87540354836
1853,892400.2117944742
1854,1417689.4320727142
1855,373655.62946696713
1856,496155.2424647973
1857,1174077.5182275164
1858,1751442.2621804352
